<?xml version="1.0" encoding="UTF-8"?>

<ValueSet xmlns="http://hl7.org/fhir">
  <id value="InitDiag"/>
  <text>
    <status value="generated"/><div xmlns="http://www.w3.org/1999/xhtml"><p>This value set contains 6 concepts</p><p style="border: black 1px dotted; background-color: #EEEEEE; padding: 8px; margin-bottom: 8px">Expansion based on <a href="CodeSystem-InitDiagCs.html">system Initial Diagnosis Code System v0.2.1 (CodeSystem)</a></p><table class="codes"><tr><td style="white-space:nowrap"><b>Code</b></td><td><b>System</b></td><td><b>Display</b></td></tr><tr><td style="white-space:nowrap"><a name="http---worldhealthorganization.github.io-smart-ot-InitDiag-1"> </a>  <a href="CodeSystem-InitDiagCs.html#InitDiagCs-1">1</a></td><td>http://worldhealthorganization.github.io/smart-ot/InitDiag</td><td>Measles</td></tr><tr><td style="white-space:nowrap"><a name="http---worldhealthorganization.github.io-smart-ot-InitDiag-2"> </a>  <a href="CodeSystem-InitDiagCs.html#InitDiagCs-2">2</a></td><td>http://worldhealthorganization.github.io/smart-ot/InitDiag</td><td>Rubella</td></tr><tr><td style="white-space:nowrap"><a name="http---worldhealthorganization.github.io-smart-ot-InitDiag-3"> </a>  <a href="CodeSystem-InitDiagCs.html#InitDiagCs-3">3</a></td><td>http://worldhealthorganization.github.io/smart-ot/InitDiag</td><td>Dengue</td></tr><tr><td style="white-space:nowrap"><a name="http---worldhealthorganization.github.io-smart-ot-InitDiag-4"> </a>  <a href="CodeSystem-InitDiagCs.html#InitDiagCs-4">4</a></td><td>http://worldhealthorganization.github.io/smart-ot/InitDiag</td><td>Other Rash illness</td></tr><tr><td style="white-space:nowrap"><a name="http---worldhealthorganization.github.io-smart-ot-InitDiag-8"> </a>  <a href="CodeSystem-InitDiagCs.html#InitDiagCs-8">8</a></td><td>http://worldhealthorganization.github.io/smart-ot/InitDiag</td><td>Other Non-Rash illness</td></tr><tr><td style="white-space:nowrap"><a name="http---worldhealthorganization.github.io-smart-ot-InitDiag-99"> </a>  <a href="CodeSystem-InitDiagCs.html#InitDiagCs-99">99</a></td><td>http://worldhealthorganization.github.io/smart-ot/InitDiag</td><td>Unknown</td></tr></table></div>
  </text>
  <url value="http://worldhealthorganization.github.io/smart-ot/ValueSet/InitDiag"/>
  <version value="0.2.1"/>
  <name value="InitDiag"/>
  <title value="SOT Measles Initial Diagnosis"/>
  <status value="draft"/>
  <date value="2023-11-07T05:59:29+00:00"/>
  <publisher value="WHO"/>
  <contact>
    <name value="WHO"/>
    <telecom>
      <system value="url"/>
      <value value="http://who.int"/>
    </telecom>
  </contact>
  <description value="SOT Measles Initial Diagnosis"/>
  <jurisdiction>
    <coding>
      <system value="http://unstats.un.org/unsd/methods/m49/m49.htm"/>
      <code value="001"/>
    </coding>
  </jurisdiction>
  <expansion>
    <identifier value="urn:uuid:c060c134-871f-43be-b1ee-5dfface2c18f"/>
    <timestamp value="2023-05-02T20:23:35+05:30"/>
    <total value="6"/>
    <parameter>
      <name value="excludeNested"/>
      <valueBoolean value="false"/>
    </parameter>
    <parameter>
      <name value="version"/>
      <valueUri value="http://worldhealthorganization.github.io/smart-ot/InitDiag|0.2.1"/>
    </parameter>
    <contains>
      <system value="http://worldhealthorganization.github.io/smart-ot/InitDiag"/>
      <code value="1"/>
      <display value="Measles"/>
    </contains>
    <contains>
      <system value="http://worldhealthorganization.github.io/smart-ot/InitDiag"/>
      <code value="2"/>
      <display value="Rubella"/>
    </contains>
    <contains>
      <system value="http://worldhealthorganization.github.io/smart-ot/InitDiag"/>
      <code value="3"/>
      <display value="Dengue"/>
    </contains>
    <contains>
      <system value="http://worldhealthorganization.github.io/smart-ot/InitDiag"/>
      <code value="4"/>
      <display value="Other Rash illness"/>
    </contains>
    <contains>
      <system value="http://worldhealthorganization.github.io/smart-ot/InitDiag"/>
      <code value="8"/>
      <display value="Other Non-Rash illness"/>
    </contains>
    <contains>
      <system value="http://worldhealthorganization.github.io/smart-ot/InitDiag"/>
      <code value="99"/>
      <display value="Unknown"/>
    </contains>
  </expansion>
</ValueSet>