{"resourceType":"ValueSet","id":"ProvType","text":{"status":"generated","div":"<div xmlns=\"http://www.w3.org/1999/xhtml\"><ul><li>Include all codes defined in <a href=\"CodeSystem-ProvTypeCs.html\"><code>http://worldhealthorganization.github.io/smart-ot/ProvType</code></a></li></ul></div>"},"url":"http://worldhealthorganization.github.io/smart-ot/ValueSet/ProvType","version":"0.2.1","name":"ProvType","title":"SOT Measles Provider Type","status":"draft","date":"2023-11-07T05:59:29+00:00","publisher":"WHO","contact":[{"name":"WHO","telecom":[{"system":"url","value":"http://who.int"}]}],"description":"SOT Measles Provider Type","jurisdiction":[{"coding":[{"system":"http://unstats.un.org/unsd/methods/m49/m49.htm","code":"001"}]}],"compose":{"include":[{"system":"http://worldhealthorganization.github.io/smart-ot/ProvType"}]}}